Contract,customers,avg_churn_probability,churn_rate
Month-to-month,3875,0.42781237174747755,0.4270967741935484
One year,1473,0.11182721641422892,0.11269517990495587
Two year,1695,0.029747810872979483,0.02831858407079646
