Contract,churn_probability
Month-to-month,0.43015331321678363
One year,0.11492706672277327
Two year,0.030998032184335507
